1,Himesh,Mumbai,himesh@gmail.com
2,Rahul,Delhi,rahul@gmail.com
3,Arun,Uttrakhand,arun@gmail.com
4,Amit,Pune,amit@gmail.com
5,Hardik,Haryana,hardik@gmail.com 
6,Ashish,Himachal,ashish@gmail.com
 7,Priyanshu,Haryana,priyanshu@gmail.com 
8,Karan,Rajasthan,karan@gmail.com 
9,Gifty,Punjab,gifty@gmail.com 
10,Fame,U.P,fame@gmail.com 
11,Jagjeet,West-Bengal,jagjeet@gmail.com 
12,Harsh,Karnatka,harsh@gmail.com 
13,Jasjiv,Karnatkajasjiv@gmail.com 
14,Himanshu,Goa,himanshu@gmail.com 
15,Kunal,Assam,kunal@gmail.com